{
  "tag": "pair_gm_pdw",
  "dataset": "cifar100",
  "seed": 4,
  "epochs": 30,
  "top1": 0.5798,
  "top5": 0.8595,
  "params": 267658,
  "flops": 80816212.0,
  "latency_ms": 3.370316000073217,
  "rot_eq_err": 0.41191258778174716,
  "composite": 0.5820374574686843,
  "composite_fingerprint": "d65565e9c7b12d14cbce30a801ecc6753aea3eb148074256bfcc051fa61d0893",
  "epochs_to_target": -1,
  "train_seconds": 951.9133046000206,
  "train_top1": 0.654286858974359,
  "generalization_gap": 0.07448685897435903
}