{
  "tag": "baseline_resnet20__hc_lr1em3_wd5em4_bs256_optAdamW_seed0",
  "dataset": "cifar100",
  "seed": 0,
  "epochs": 30,
  "top1": 0.5694,
  "top5": 0.8463,
  "params": 278324,
  "flops": 41224448.0,
  "latency_ms": 14.533713999844622,
  "rot_eq_err": 0.43015845368305844,
  "composite": 0.5390536366462622,
  "composite_fingerprint": "d65565e9c7b12d14cbce30a801ecc6753aea3eb148074256bfcc051fa61d0893",
  "epochs_to_target": -1,
  "train_seconds": 2367.5836468999914,
  "train_top1": 0.63046875,
  "generalization_gap": 0.061068750000000005,
  "config_id": "lr1em3_wd5em4_bs256_optAdamW",
  "hc_cell": {
    "lr": 0.001,
    "weight_decay": 0.0005,
    "batch_size": 256,
    "optimizer": "AdamW"
  },
  "hc_seed": 0
}