{
  "tag": "slot_act_sine",
  "dataset": "cifar100",
  "seed": 2,
  "epochs": 30,
  "top1": 0.5766,
  "top5": 0.8575,
  "params": 267659,
  "flops": 80816212.0,
  "latency_ms": 12.10433699990972,
  "rot_eq_err": 0.3974088157216708,
  "composite": 0.5510738571226005,
  "composite_fingerprint": "d65565e9c7b12d14cbce30a801ecc6753aea3eb148074256bfcc051fa61d0893",
  "epochs_to_target": -1,
  "train_seconds": 2800.5902654999954,
  "train_top1": 0.6529046474358975,
  "generalization_gap": 0.07630464743589749
}