{
  "tag": "sg_only_golden_momentum",
  "dataset": "cifar10",
  "seed": 0,
  "epochs": 12,
  "top1": 0.8352,
  "top5": 0.9931,
  "params": 272474,
  "flops": 41218688.0,
  "latency_ms": 4.510139999993044,
  "rot_eq_err": 0.9021276285250982,
  "composite": 0.8307242454771374,
  "composite_fingerprint": "d65565e9c7b12d14cbce30a801ecc6753aea3eb148074256bfcc051fa61d0893",
  "epochs_to_target": -1,
  "train_seconds": 380.7645726999999,
  "train_top1": 0.8542067307692308,
  "generalization_gap": 0.019006730769230762
}