{
  "tag": "slot_act_sine__hc_lr3em3_wd5em4_bs128_optAdamW_seed3",
  "dataset": "cifar100",
  "seed": 3,
  "epochs": 30,
  "top1": 0.6061,
  "top5": 0.8664,
  "params": 267659,
  "flops": 80816212.0,
  "latency_ms": 2.8045550000388175,
  "rot_eq_err": 0.405009629825751,
  "composite": 0.6123277093786866,
  "composite_fingerprint": "d65565e9c7b12d14cbce30a801ecc6753aea3eb148074256bfcc051fa61d0893",
  "epochs_to_target": 24,
  "train_seconds": 931.2577697999659,
  "train_top1": 0.6977964743589744,
  "generalization_gap": 0.09169647435897443,
  "config_id": "lr3em3_wd5em4_bs128_optAdamW",
  "hc_cell": {
    "lr": 0.003,
    "weight_decay": 0.0005,
    "batch_size": 128,
    "optimizer": "AdamW"
  },
  "hc_seed": 3
}