{
  "tag": "pair_gm_pdw__hc_lr3em3_wd5em4_bs128_optAdamW_seed0",
  "dataset": "cifar100",
  "seed": 0,
  "epochs": 30,
  "top1": 0.6121,
  "top5": 0.8752,
  "params": 267658,
  "flops": 80816212.0,
  "latency_ms": 3.2973060000222176,
  "rot_eq_err": 0.4021779422958692,
  "composite": 0.6148130259322794,
  "composite_fingerprint": "d65565e9c7b12d14cbce30a801ecc6753aea3eb148074256bfcc051fa61d0893",
  "epochs_to_target": 23,
  "train_seconds": 997.6956935999915,
  "train_top1": 0.7067708333333333,
  "generalization_gap": 0.09467083333333337,
  "config_id": "lr3em3_wd5em4_bs128_optAdamW",
  "hc_cell": {
    "lr": 0.003,
    "weight_decay": 0.0005,
    "batch_size": 128,
    "optimizer": "AdamW"
  },
  "hc_seed": 0
}