{
  "tag": "pair_gm_pdw__hc_lr3em3_wd5em4_bs128_optAdamW_seed6",
  "dataset": "cifar100",
  "seed": 6,
  "epochs": 30,
  "top1": 0.6049,
  "top5": 0.8625,
  "params": 267658,
  "flops": 80816212.0,
  "latency_ms": 3.7924649997148663,
  "rot_eq_err": 0.37692664315303165,
  "composite": 0.6045749095045523,
  "composite_fingerprint": "d65565e9c7b12d14cbce30a801ecc6753aea3eb148074256bfcc051fa61d0893",
  "epochs_to_target": 27,
  "train_seconds": 936.2904347000294,
  "train_top1": 0.6978966346153846,
  "generalization_gap": 0.09299663461538465,
  "config_id": "lr3em3_wd5em4_bs128_optAdamW",
  "hc_cell": {
    "lr": 0.003,
    "weight_decay": 0.0005,
    "batch_size": 128,
    "optimizer": "AdamW"
  },
  "hc_seed": 6
}