{
  "tag": "slot_act_sine",
  "dataset": "cifar100",
  "seed": 5,
  "epochs": 30,
  "top1": 0.5803,
  "top5": 0.8605,
  "params": 267659,
  "flops": 80816212.0,
  "latency_ms": 3.1119849998503923,
  "rot_eq_err": 0.40610789755980176,
  "composite": 0.5842690326984022,
  "composite_fingerprint": "d65565e9c7b12d14cbce30a801ecc6753aea3eb148074256bfcc051fa61d0893",
  "epochs_to_target": -1,
  "train_seconds": 896.145771200012,
  "train_top1": 0.6525440705128205,
  "generalization_gap": 0.07224407051282045
}