{
  "tag": "pair_gm_pdw__hc_lr3em4_wd5em4_bs256_optAdamW_seed0",
  "dataset": "cifar100",
  "seed": 0,
  "epochs": 30,
  "top1": 0.4914,
  "top5": 0.8,
  "params": 267658,
  "flops": 80816212.0,
  "latency_ms": 5.075891999877058,
  "rot_eq_err": 0.4180645930270354,
  "composite": 0.48474536992508416,
  "composite_fingerprint": "d65565e9c7b12d14cbce30a801ecc6753aea3eb148074256bfcc051fa61d0893",
  "epochs_to_target": -1,
  "train_seconds": 1353.6531150999945,
  "train_top1": 0.5318309294871795,
  "generalization_gap": 0.04043092948717947,
  "config_id": "lr3em4_wd5em4_bs256_optAdamW",
  "hc_cell": {
    "lr": 0.0003,
    "weight_decay": 0.0005,
    "batch_size": 256,
    "optimizer": "AdamW"
  },
  "hc_seed": 0
}