{
  "tag": "combo_novelty_betti_torus",
  "dataset": "cifar100",
  "seed": 0,
  "epochs": 30,
  "top1": 0.5353,
  "top5": 0.8293,
  "params": 267658,
  "flops": 80816212.0,
  "latency_ms": 5.2408940001623705,
  "rot_eq_err": 0.4296392636994521,
  "composite": 0.527950719777515,
  "composite_fingerprint": "d65565e9c7b12d14cbce30a801ecc6753aea3eb148074256bfcc051fa61d0893",
  "epochs_to_target": -1,
  "train_seconds": 837.8492750999867,
  "train_top1": 0.6299078525641025,
  "generalization_gap": 0.09460785256410253
}