{
  "tag": "combo7_pb_gm_pd_pdw_plr_fe_sa",
  "dataset": "cifar10",
  "seed": 0,
  "epochs": 12,
  "top1": 0.8529,
  "top5": 0.994,
  "params": 262079,
  "flops": 80810722.0,
  "latency_ms": 3.6924379999982193,
  "rot_eq_err": 0.8041904618342718,
  "composite": 0.8536127282627598,
  "composite_fingerprint": "d65565e9c7b12d14cbce30a801ecc6753aea3eb148074256bfcc051fa61d0893",
  "epochs_to_target": -1,
  "train_seconds": 370.4383061999979,
  "train_top1": 0.8667868589743589,
  "generalization_gap": 0.013886858974358929
}