{
  "tag": "combo7_pb_gm_pd_pdw_plr_fe_sa",
  "dataset": "cifar10",
  "seed": 0,
  "epochs": 12,
  "top1": 0.8505,
  "top5": 0.9937,
  "params": 283571,
  "flops": 90550912.0,
  "latency_ms": 9.86096799999359,
  "rot_eq_err": 0.7966569314400355,
  "composite": 0.8281709317906708,
  "composite_fingerprint": "d65565e9c7b12d14cbce30a801ecc6753aea3eb148074256bfcc051fa61d0893",
  "epochs_to_target": -1,
  "train_seconds": 891.2095439000041,
  "train_top1": 0.8623197115384615,
  "generalization_gap": 0.011819711538461508
}