{
  "tag": "baseline_resnet20",
  "dataset": "cifar100",
  "seed": 3,
  "epochs": 30,
  "top1": 0.5636,
  "top5": 0.8408,
  "params": 278324,
  "flops": 41224448.0,
  "latency_ms": 4.490987999888603,
  "rot_eq_err": 0.4742368919154008,
  "composite": 0.55875537240188,
  "composite_fingerprint": "d65565e9c7b12d14cbce30a801ecc6753aea3eb148074256bfcc051fa61d0893",
  "epochs_to_target": -1,
  "train_seconds": 917.8684190000058,
  "train_top1": 0.626963141025641,
  "generalization_gap": 0.063363141025641
}