{
  "tag": "pair_gm_pdw",
  "dataset": "cifar100",
  "seed": 2,
  "epochs": 30,
  "top1": 0.5761,
  "top5": 0.8537,
  "params": 267658,
  "flops": 80816212.0,
  "latency_ms": 11.343641999992542,
  "rot_eq_err": 0.3963548292716344,
  "composite": 0.5519833629790885,
  "composite_fingerprint": "d65565e9c7b12d14cbce30a801ecc6753aea3eb148074256bfcc051fa61d0893",
  "epochs_to_target": -1,
  "train_seconds": 2810.0902373000135,
  "train_top1": 0.6513621794871794,
  "generalization_gap": 0.0752621794871795
}