{
  "tag": "baseline_resnet20__hc_lr3em4_wd5em4_bs256_optAdamW_seed0",
  "dataset": "cifar100",
  "seed": 0,
  "epochs": 30,
  "top1": 0.4651,
  "top5": 0.7767,
  "params": 278324,
  "flops": 41224448.0,
  "latency_ms": 15.305291999829933,
  "rot_eq_err": 0.45573344205816585,
  "composite": 0.4336303861505393,
  "composite_fingerprint": "d65565e9c7b12d14cbce30a801ecc6753aea3eb148074256bfcc051fa61d0893",
  "epochs_to_target": -1,
  "train_seconds": 2856.536343999993,
  "train_top1": 0.49887820512820513,
  "generalization_gap": 0.03377820512820512,
  "config_id": "lr3em4_wd5em4_bs256_optAdamW",
  "hc_cell": {
    "lr": 0.0003,
    "weight_decay": 0.0005,
    "batch_size": 256,
    "optimizer": "AdamW"
  },
  "hc_seed": 0
}