{
  "tag": "baseline_resnet20__hc_lr3em3_wd2em3_bs256_optAdamW_seed0",
  "dataset": "cifar100",
  "seed": 0,
  "epochs": 30,
  "top1": 0.5817,
  "top5": 0.8565,
  "params": 278324,
  "flops": 41224448.0,
  "latency_ms": 3.994331999856513,
  "rot_eq_err": 0.44381365180015564,
  "composite": 0.5794002591518433,
  "composite_fingerprint": "d65565e9c7b12d14cbce30a801ecc6753aea3eb148074256bfcc051fa61d0893",
  "epochs_to_target": -1,
  "train_seconds": 823.2367343999795,
  "train_top1": 0.6698116987179488,
  "generalization_gap": 0.08811169871794877,
  "config_id": "lr3em3_wd2em3_bs256_optAdamW",
  "hc_cell": {
    "lr": 0.003,
    "weight_decay": 0.002,
    "batch_size": 256,
    "optimizer": "AdamW"
  },
  "hc_seed": 0
}