{
  "tag": "slot_act_sine__hc_lr3em3_wd5em4_bs128_optAdamW_seed6",
  "dataset": "cifar100",
  "seed": 6,
  "epochs": 30,
  "top1": 0.6057,
  "top5": 0.8695,
  "params": 267659,
  "flops": 80816212.0,
  "latency_ms": 2.911533999722451,
  "rot_eq_err": 0.4009021458526452,
  "composite": 0.6111148141474093,
  "composite_fingerprint": "d65565e9c7b12d14cbce30a801ecc6753aea3eb148074256bfcc051fa61d0893",
  "epochs_to_target": 25,
  "train_seconds": 939.9447768999962,
  "train_top1": 0.6974959935897436,
  "generalization_gap": 0.09179599358974355,
  "config_id": "lr3em3_wd5em4_bs128_optAdamW",
  "hc_cell": {
    "lr": 0.003,
    "weight_decay": 0.0005,
    "batch_size": 128,
    "optimizer": "AdamW"
  },
  "hc_seed": 6
}