{
  "tag": "sg_only_phi_budget__hc_lr3em3_wd5em4_bs128_optAdamW_seed6",
  "dataset": "cifar100",
  "seed": 6,
  "epochs": 30,
  "top1": 0.6017,
  "top5": 0.867,
  "params": 267658,
  "flops": 80816212.0,
  "latency_ms": 3.0578449997119606,
  "rot_eq_err": 0.3912278562784195,
  "composite": 0.6060502151997085,
  "composite_fingerprint": "d65565e9c7b12d14cbce30a801ecc6753aea3eb148074256bfcc051fa61d0893",
  "epochs_to_target": 28,
  "train_seconds": 1061.3354377999785,
  "train_top1": 0.6896233974358974,
  "generalization_gap": 0.08792339743589739,
  "config_id": "lr3em3_wd5em4_bs128_optAdamW",
  "hc_cell": {
    "lr": 0.003,
    "weight_decay": 0.0005,
    "batch_size": 128,
    "optimizer": "AdamW"
  },
  "hc_seed": 6
}