{
  "tag": "pair_gm_pdw__hc_lr3em3_wd5em4_bs128_optAdamW_seed3",
  "dataset": "cifar100",
  "seed": 3,
  "epochs": 30,
  "top1": 0.6074,
  "top5": 0.8729,
  "params": 267658,
  "flops": 80816212.0,
  "latency_ms": 3.393760999897495,
  "rot_eq_err": 0.4037600097556909,
  "composite": 0.6094869258465946,
  "composite_fingerprint": "d65565e9c7b12d14cbce30a801ecc6753aea3eb148074256bfcc051fa61d0893",
  "epochs_to_target": 25,
  "train_seconds": 940.2663763000164,
  "train_top1": 0.7003205128205128,
  "generalization_gap": 0.09292051282051272,
  "config_id": "lr3em3_wd5em4_bs128_optAdamW",
  "hc_cell": {
    "lr": 0.003,
    "weight_decay": 0.0005,
    "batch_size": 128,
    "optimizer": "AdamW"
  },
  "hc_seed": 3
}