{
  "tag": "sg_only_fib_ensemble",
  "dataset": "cifar10",
  "seed": 0,
  "epochs": 12,
  "top1": 0.8011,
  "top5": 0.99,
  "params": 127146,
  "flops": 27793296.0,
  "latency_ms": 4.511694000002535,
  "rot_eq_err": 0.8777794962128004,
  "composite": 0.8131678830819117,
  "composite_fingerprint": "d65565e9c7b12d14cbce30a801ecc6753aea3eb148074256bfcc051fa61d0893",
  "epochs_to_target": -1,
  "train_seconds": 380.07190619999983,
  "train_top1": 0.8184895833333333,
  "generalization_gap": 0.01738958333333329
}