{
  "tag": "pair_gm_pdw__hc_lr1em3_wd5em4_bs256_optAdamW_seed0",
  "dataset": "cifar100",
  "seed": 0,
  "epochs": 30,
  "top1": 0.5747,
  "top5": 0.8517,
  "params": 267658,
  "flops": 80816212.0,
  "latency_ms": 3.365818999882322,
  "rot_eq_err": 0.3922662225862344,
  "composite": 0.5769664506919225,
  "composite_fingerprint": "d65565e9c7b12d14cbce30a801ecc6753aea3eb148074256bfcc051fa61d0893",
  "epochs_to_target": -1,
  "train_seconds": 1184.0432445000042,
  "train_top1": 0.6553084935897436,
  "generalization_gap": 0.08060849358974365,
  "config_id": "lr1em3_wd5em4_bs256_optAdamW",
  "hc_cell": {
    "lr": 0.001,
    "weight_decay": 0.0005,
    "batch_size": 256,
    "optimizer": "AdamW"
  },
  "hc_seed": 0
}