{
  "tag": "baseline_resnet20__hc_lr3em3_wd5em4_bs128_optAdamW_seed3",
  "dataset": "cifar100",
  "seed": 3,
  "epochs": 30,
  "top1": 0.6075,
  "top5": 0.8665,
  "params": 278324,
  "flops": 41224448.0,
  "latency_ms": 7.4025880004046485,
  "rot_eq_err": 0.44743703305721283,
  "composite": 0.5918032881877641,
  "composite_fingerprint": "d65565e9c7b12d14cbce30a801ecc6753aea3eb148074256bfcc051fa61d0893",
  "epochs_to_target": 26,
  "train_seconds": 1963.4634470000165,
  "train_top1": 0.6958533653846154,
  "generalization_gap": 0.08835336538461536,
  "config_id": "lr3em3_wd5em4_bs128_optAdamW",
  "hc_cell": {
    "lr": 0.003,
    "weight_decay": 0.0005,
    "batch_size": 128,
    "optimizer": "AdamW"
  },
  "hc_seed": 3
}