{
  "tag": "baseline_resnet20__hc_lr3em3_wd5em4_bs256_optAdamW_seed0",
  "dataset": "cifar100",
  "seed": 0,
  "epochs": 30,
  "top1": 0.5929,
  "top5": 0.8619,
  "params": 278324,
  "flops": 41224448.0,
  "latency_ms": 15.621771999867633,
  "rot_eq_err": 0.45784984653194744,
  "composite": 0.5609859523835421,
  "composite_fingerprint": "d65565e9c7b12d14cbce30a801ecc6753aea3eb148074256bfcc051fa61d0893",
  "epochs_to_target": -1,
  "train_seconds": 1648.0949277000036,
  "train_top1": 0.6796875,
  "generalization_gap": 0.08678750000000002,
  "config_id": "lr3em3_wd5em4_bs256_optAdamW",
  "hc_cell": {
    "lr": 0.003,
    "weight_decay": 0.0005,
    "batch_size": 256,
    "optimizer": "AdamW"
  },
  "hc_seed": 0
}