{
  "tag": "loo_no_fp",
  "dataset": "cifar10",
  "seed": 0,
  "epochs": 12,
  "top1": 0.8529,
  "top5": 0.994,
  "params": 262079,
  "flops": 80810722.0,
  "latency_ms": 3.365198000028613,
  "rot_eq_err": 0.8041904618342718,
  "composite": 0.8556278577445676,
  "composite_fingerprint": "d65565e9c7b12d14cbce30a801ecc6753aea3eb148074256bfcc051fa61d0893",
  "epochs_to_target": -1,
  "train_seconds": 375.0208328000008,
  "train_top1": 0.8667868589743589,
  "generalization_gap": 0.013886858974358929
}