{
  "tag": "sg_only_phi_budget__hc_lr3em3_wd1em4_bs256_optAdamW_seed0",
  "dataset": "cifar100",
  "seed": 0,
  "epochs": 30,
  "top1": 0.5956,
  "top5": 0.8641,
  "params": 267658,
  "flops": 80816212.0,
  "latency_ms": 4.068207000091206,
  "rot_eq_err": 0.41544660304983455,
  "composite": 0.5937508364376851,
  "composite_fingerprint": "d65565e9c7b12d14cbce30a801ecc6753aea3eb148074256bfcc051fa61d0893",
  "epochs_to_target": -1,
  "train_seconds": 857.0259833000018,
  "train_top1": 0.6862980769230769,
  "generalization_gap": 0.09069807692307685,
  "config_id": "lr3em3_wd1em4_bs256_optAdamW",
  "hc_cell": {
    "lr": 0.003,
    "weight_decay": 0.0001,
    "batch_size": 256,
    "optimizer": "AdamW"
  },
  "hc_seed": 0
}