{
  "tag": "combo_n4_pair_slot",
  "dataset": "cifar100",
  "seed": 1,
  "epochs": 30,
  "top1": 0.5802,
  "top5": 0.8608,
  "params": 267659,
  "flops": 80816212.0,
  "latency_ms": 4.4484029995510355,
  "rot_eq_err": 0.41179509957631427,
  "composite": 0.5764107012008339,
  "composite_fingerprint": "d65565e9c7b12d14cbce30a801ecc6753aea3eb148074256bfcc051fa61d0893",
  "epochs_to_target": -1,
  "train_seconds": 837.1664330000058,
  "train_top1": 0.6558894230769231,
  "generalization_gap": 0.07568942307692306
}