{
  "tag": "sg_only_phi_budget__hc_lr3em3_wd5em4_bs128_optAdamW_seed1",
  "dataset": "cifar100",
  "seed": 1,
  "epochs": 30,
  "top1": 0.6112,
  "top5": 0.8738,
  "params": 267658,
  "flops": 80816212.0,
  "latency_ms": 3.392294000077527,
  "rot_eq_err": 0.3880955787996451,
  "composite": 0.6132963143637329,
  "composite_fingerprint": "d65565e9c7b12d14cbce30a801ecc6753aea3eb148074256bfcc051fa61d0893",
  "epochs_to_target": 23,
  "train_seconds": 1003.0235396000207,
  "train_top1": 0.7007211538461539,
  "generalization_gap": 0.08952115384615389,
  "config_id": "lr3em3_wd5em4_bs128_optAdamW",
  "hc_cell": {
    "lr": 0.003,
    "weight_decay": 0.0005,
    "batch_size": 128,
    "optimizer": "AdamW"
  },
  "hc_seed": 1
}