{
  "tag": "baseline_resnet20__hc_lr1em3_wd5em4_bs128_optAdamW_seed6",
  "dataset": "cifar100",
  "seed": 6,
  "epochs": 30,
  "top1": 0.5774,
  "top5": 0.8536,
  "params": 278324,
  "flops": 41224448.0,
  "latency_ms": 4.708155000116676,
  "rot_eq_err": 0.4358752928674221,
  "composite": 0.5715299295280681,
  "composite_fingerprint": "d65565e9c7b12d14cbce30a801ecc6753aea3eb148074256bfcc051fa61d0893",
  "epochs_to_target": -1,
  "train_seconds": 1052.5147656000045,
  "train_top1": 0.6461939102564103,
  "generalization_gap": 0.06879391025641024,
  "config_id": "lr1em3_wd5em4_bs128_optAdamW",
  "hc_cell": {
    "lr": 0.001,
    "weight_decay": 0.0005,
    "batch_size": 128,
    "optimizer": "AdamW"
  },
  "hc_seed": 6
}