{
  "tag": "sg_only_phi_budget__hc_lr3em4_wd5em4_bs256_optAdamW_seed0",
  "dataset": "cifar100",
  "seed": 0,
  "epochs": 30,
  "top1": 0.4866,
  "top5": 0.7929,
  "params": 267658,
  "flops": 80816212.0,
  "latency_ms": 2.8806180000538006,
  "rot_eq_err": 0.4176207557320595,
  "composite": 0.49224670506899093,
  "composite_fingerprint": "d65565e9c7b12d14cbce30a801ecc6753aea3eb148074256bfcc051fa61d0893",
  "epochs_to_target": -1,
  "train_seconds": 856.9902019999863,
  "train_top1": 0.5246794871794872,
  "generalization_gap": 0.038079487179487226,
  "config_id": "lr3em4_wd5em4_bs256_optAdamW",
  "hc_cell": {
    "lr": 0.0003,
    "weight_decay": 0.0005,
    "batch_size": 256,
    "optimizer": "AdamW"
  },
  "hc_seed": 0
}