{
  "tag": "sg_only_golden_bottleneck",
  "dataset": "cifar10",
  "seed": 0,
  "epochs": 12,
  "top1": 0.6925,
  "top5": 0.9733,
  "params": 58170,
  "flops": 8567424.0,
  "latency_ms": 7.088909000001422,
  "rot_eq_err": 0.8893873939911524,
  "composite": 0.7117360767416048,
  "composite_fingerprint": "d65565e9c7b12d14cbce30a801ecc6753aea3eb148074256bfcc051fa61d0893",
  "epochs_to_target": -1,
  "train_seconds": 456.78928399999995,
  "train_top1": 0.6934695512820512,
  "generalization_gap": 0.0009695512820512286
}