{
  "tag": "sg_only_golden_bottleneck",
  "dataset": "cifar10",
  "seed": 0,
  "epochs": 12,
  "top1": 0.6879,
  "top5": 0.974,
  "params": 58170,
  "flops": 8567424.0,
  "latency_ms": 9.069407999995747,
  "rot_eq_err": 0.8830121383070946,
  "composite": 0.7017860998260187,
  "composite_fingerprint": "d65565e9c7b12d14cbce30a801ecc6753aea3eb148074256bfcc051fa61d0893",
  "epochs_to_target": -1,
  "train_seconds": 715.8082859999995,
  "train_top1": 0.6978565705128205,
  "generalization_gap": 0.009956570512820506
}