{
  "tag": "sg_chan_fib",
  "dataset": "cifar10",
  "seed": 1,
  "epochs": 12,
  "top1": 0.8074,
  "top5": 0.9891,
  "params": 127146,
  "flops": 27793296.0,
  "latency_ms": 4.684984000050463,
  "rot_eq_err": 0.8614050770799319,
  "composite": 0.8186494593044866,
  "composite_fingerprint": "d65565e9c7b12d14cbce30a801ecc6753aea3eb148074256bfcc051fa61d0893",
  "epochs_to_target": -1,
  "train_seconds": 453.77678240000387,
  "train_top1": 0.8224559294871795,
  "generalization_gap": 0.015055929487179487
}