{
  "tag": "pair_gm_pdw",
  "dataset": "cifar100",
  "seed": 1,
  "epochs": 30,
  "top1": 0.5789,
  "top5": 0.8552,
  "params": 267658,
  "flops": 80816212.0,
  "latency_ms": 12.173754000104964,
  "rot_eq_err": 0.4090707413852215,
  "composite": 0.5532497624981645,
  "composite_fingerprint": "d65565e9c7b12d14cbce30a801ecc6753aea3eb148074256bfcc051fa61d0893",
  "epochs_to_target": -1,
  "train_seconds": 2801.468171600005,
  "train_top1": 0.651201923076923,
  "generalization_gap": 0.07230192307692307
}