{
  "tag": "sg_only_phi_compound",
  "dataset": "cifar10",
  "seed": 0,
  "epochs": 12,
  "top1": 0.8042,
  "top5": 0.9909,
  "params": 127146,
  "flops": 27793296.0,
  "latency_ms": 4.738268000000971,
  "rot_eq_err": 0.8859420220057169,
  "composite": 0.815203883851445,
  "composite_fingerprint": "d65565e9c7b12d14cbce30a801ecc6753aea3eb148074256bfcc051fa61d0893",
  "epochs_to_target": -1,
  "train_seconds": 378.0504057999997,
  "train_top1": 0.8184895833333333,
  "generalization_gap": 0.0142895833333333
}