{
  "tag": "sg_only_phi_budget",
  "dataset": "cifar100",
  "seed": 1,
  "epochs": 30,
  "top1": 0.5775,
  "top5": 0.8559,
  "params": 267658,
  "flops": 80816212.0,
  "latency_ms": 11.036577000049874,
  "rot_eq_err": 0.40689293046792346,
  "composite": 0.5539792686942048,
  "composite_fingerprint": "d65565e9c7b12d14cbce30a801ecc6753aea3eb148074256bfcc051fa61d0893",
  "epochs_to_target": -1,
  "train_seconds": 2931.5991991000046,
  "train_top1": 0.6488782051282052,
  "generalization_gap": 0.07137820512820514
}