{
  "tag": "sg_only_phi_budget",
  "dataset": "cifar100",
  "seed": 1,
  "epochs": 30,
  "top1": 0.5863,
  "top5": 0.8574,
  "params": 289420,
  "flops": 90556672.0,
  "latency_ms": 3.355669999982638,
  "rot_eq_err": 0.3925034540394942,
  "composite": 0.5869346107760167,
  "composite_fingerprint": "d65565e9c7b12d14cbce30a801ecc6753aea3eb148074256bfcc051fa61d0893",
  "epochs_to_target": -1,
  "train_seconds": 945.4175882000018,
  "train_top1": 0.6616185897435898,
  "generalization_gap": 0.07531858974358974
}