{
  "tag": "pair_nonphi_3axis",
  "dataset": "cifar100",
  "seed": 0,
  "epochs": 30,
  "top1": 0.5653,
  "top5": 0.8495,
  "params": 271903,
  "flops": 118959652.0,
  "latency_ms": 2.7008759998716414,
  "rot_eq_err": 0.3839711422721545,
  "composite": 0.5720040677473609,
  "composite_fingerprint": "d65565e9c7b12d14cbce30a801ecc6753aea3eb148074256bfcc051fa61d0893",
  "epochs_to_target": -1,
  "train_seconds": 812.302861300006,
  "train_top1": 0.6349759615384616,
  "generalization_gap": 0.06967596153846156
}