{
  "tag": "baseline_resnet20__hc_lr3em3_wd5em4_bs128_optAdamW_seed1",
  "dataset": "cifar100",
  "seed": 1,
  "epochs": 30,
  "top1": 0.6057,
  "top5": 0.8658,
  "params": 278324,
  "flops": 41224448.0,
  "latency_ms": 3.578354000055697,
  "rot_eq_err": 0.44356031343340874,
  "composite": 0.6057883020164145,
  "composite_fingerprint": "d65565e9c7b12d14cbce30a801ecc6753aea3eb148074256bfcc051fa61d0893",
  "epochs_to_target": 24,
  "train_seconds": 2089.3488938999944,
  "train_top1": 0.6974158653846154,
  "generalization_gap": 0.0917158653846154,
  "config_id": "lr3em3_wd5em4_bs128_optAdamW",
  "hc_cell": {
    "lr": 0.003,
    "weight_decay": 0.0005,
    "batch_size": 128,
    "optimizer": "AdamW"
  },
  "hc_seed": 1
}