{
  "tag": "slot_act_sine",
  "dataset": "cifar10",
  "seed": 0,
  "epochs": 12,
  "top1": 0.8556,
  "top5": 0.9927,
  "params": 262079,
  "flops": 80810722.0,
  "latency_ms": 2.869670000000042,
  "rot_eq_err": 0.8287534142533938,
  "composite": 0.8617867909732907,
  "composite_fingerprint": "d65565e9c7b12d14cbce30a801ecc6753aea3eb148074256bfcc051fa61d0893",
  "epochs_to_target": 11,
  "train_seconds": 330.2900363000008,
  "train_top1": 0.8822516025641025,
  "generalization_gap": 0.026651602564102483
}