{
  "tag": "pair_gm_plr",
  "dataset": "cifar10",
  "seed": 0,
  "epochs": 12,
  "top1": 0.8036,
  "top5": 0.9846,
  "params": 262078,
  "flops": 80810722.0,
  "latency_ms": 3.454753999976674,
  "rot_eq_err": 0.7912753050525984,
  "composite": 0.8057576152904465,
  "composite_fingerprint": "d65565e9c7b12d14cbce30a801ecc6753aea3eb148074256bfcc051fa61d0893",
  "epochs_to_target": -1,
  "train_seconds": 368.6674020999999,
  "train_top1": 0.8688501602564103,
  "generalization_gap": 0.06525016025641028
}