{
  "tag": "sg_only_phi_budget",
  "dataset": "cifar100",
  "seed": 2,
  "epochs": 30,
  "top1": 0.57,
  "top5": 0.8522,
  "params": 289420,
  "flops": 90556672.0,
  "latency_ms": 4.377495000007912,
  "rot_eq_err": 0.3936490441362063,
  "composite": 0.5648622901055389,
  "composite_fingerprint": "d65565e9c7b12d14cbce30a801ecc6753aea3eb148074256bfcc051fa61d0893",
  "epochs_to_target": -1,
  "train_seconds": 928.5602355999981,
  "train_top1": 0.6496995192307692,
  "generalization_gap": 0.07969951923076923
}