{
  "tag": "sg_only_fractal",
  "dataset": "cifar10",
  "seed": 0,
  "epochs": 12,
  "top1": 0.8246,
  "top5": 0.991,
  "params": 259434,
  "flops": 55742352.0,
  "latency_ms": 7.420326999999816,
  "rot_eq_err": 0.8441404476761818,
  "composite": 0.810377503200709,
  "composite_fingerprint": "d65565e9c7b12d14cbce30a801ecc6753aea3eb148074256bfcc051fa61d0893",
  "epochs_to_target": -1,
  "train_seconds": 373.8043794999976,
  "train_top1": 0.8331931089743589,
  "generalization_gap": 0.008593108974358943
}