{
  "tag": "sg_only_cymatic_init",
  "dataset": "cifar10",
  "seed": 0,
  "epochs": 12,
  "top1": 0.7744,
  "top5": 0.9853,
  "params": 127146,
  "flops": 27793296.0,
  "latency_ms": 4.141231999965385,
  "rot_eq_err": 0.9005863865216573,
  "composite": 0.7883283868458728,
  "composite_fingerprint": "d65565e9c7b12d14cbce30a801ecc6753aea3eb148074256bfcc051fa61d0893",
  "epochs_to_target": -1,
  "train_seconds": 358.2160337999958,
  "train_top1": 0.7842347756410256,
  "generalization_gap": 0.00983477564102564
}