{
  "tag": "pair_gm_pdw__hc_lr3em3_wd5em4_bs128_optAdamW_seed5",
  "dataset": "cifar100",
  "seed": 5,
  "epochs": 30,
  "top1": 0.6068,
  "top5": 0.8693,
  "params": 267658,
  "flops": 80816212.0,
  "latency_ms": 2.9141150001669303,
  "rot_eq_err": 0.3984418759743373,
  "composite": 0.6121956542552772,
  "composite_fingerprint": "d65565e9c7b12d14cbce30a801ecc6753aea3eb148074256bfcc051fa61d0893",
  "epochs_to_target": 27,
  "train_seconds": 942.1769610000192,
  "train_top1": 0.693729967948718,
  "generalization_gap": 0.08692996794871799,
  "config_id": "lr3em3_wd5em4_bs128_optAdamW",
  "hc_cell": {
    "lr": 0.003,
    "weight_decay": 0.0005,
    "batch_size": 128,
    "optimizer": "AdamW"
  },
  "hc_seed": 5
}