{
  "tag": "slot_act_sine__hc_lr3em3_wd5em4_bs128_optAdamW_seed4",
  "dataset": "cifar100",
  "seed": 4,
  "epochs": 30,
  "top1": 0.6107,
  "top5": 0.8703,
  "params": 267659,
  "flops": 80816212.0,
  "latency_ms": 3.6779430002206936,
  "rot_eq_err": 0.4031192275385062,
  "composite": 0.6110406577281917,
  "composite_fingerprint": "d65565e9c7b12d14cbce30a801ecc6753aea3eb148074256bfcc051fa61d0893",
  "epochs_to_target": 23,
  "train_seconds": 945.1653426000266,
  "train_top1": 0.7052283653846154,
  "generalization_gap": 0.0945283653846154,
  "config_id": "lr3em3_wd5em4_bs128_optAdamW",
  "hc_cell": {
    "lr": 0.003,
    "weight_decay": 0.0005,
    "batch_size": 128,
    "optimizer": "AdamW"
  },
  "hc_seed": 4
}