{
  "tag": "baseline_resnet20__hc_lr3em3_wd5em4_bs128_optAdamW_seed4",
  "dataset": "cifar100",
  "seed": 4,
  "epochs": 30,
  "top1": 0.5997,
  "top5": 0.8665,
  "params": 278324,
  "flops": 41224448.0,
  "latency_ms": 3.990444999653846,
  "rot_eq_err": 0.4320805122454961,
  "composite": 0.5974214006674127,
  "composite_fingerprint": "d65565e9c7b12d14cbce30a801ecc6753aea3eb148074256bfcc051fa61d0893",
  "epochs_to_target": -1,
  "train_seconds": 1428.6877193999826,
  "train_top1": 0.6937099358974359,
  "generalization_gap": 0.09400993589743589,
  "config_id": "lr3em3_wd5em4_bs128_optAdamW",
  "hc_cell": {
    "lr": 0.003,
    "weight_decay": 0.0005,
    "batch_size": 128,
    "optimizer": "AdamW"
  },
  "hc_seed": 4
}