{
  "tag": "sg_only_phi_budget",
  "dataset": "cifar100",
  "seed": 6,
  "epochs": 30,
  "top1": 0.5733,
  "top5": 0.8558,
  "params": 267658,
  "flops": 80816212.0,
  "latency_ms": 3.4418760001426563,
  "rot_eq_err": 0.3913363106548786,
  "composite": 0.5750812275742222,
  "composite_fingerprint": "d65565e9c7b12d14cbce30a801ecc6753aea3eb148074256bfcc051fa61d0893",
  "epochs_to_target": -1,
  "train_seconds": 956.6297778000007,
  "train_top1": 0.6436899038461539,
  "generalization_gap": 0.07038990384615385
}