{
  "tag": "baseline_sg_vanilla",
  "dataset": "cifar10",
  "seed": 0,
  "epochs": 12,
  "top1": 0.8216,
  "top5": 0.9898,
  "params": 186330,
  "flops": 35714528.0,
  "latency_ms": 4.424687999999151,
  "rot_eq_err": 0.8927561864256859,
  "composite": 0.8257917281761024,
  "composite_fingerprint": "d65565e9c7b12d14cbce30a801ecc6753aea3eb148074256bfcc051fa61d0893",
  "epochs_to_target": -1,
  "train_seconds": 348.093827299992,
  "train_top1": 0.838701923076923,
  "generalization_gap": 0.017101923076923042
}