{
  "tag": "combo8_pb_gm_pd_pdw_plr_fe_sa_fp",
  "dataset": "cifar10",
  "seed": 0,
  "epochs": 12,
  "top1": 0.8408,
  "top5": 0.9942,
  "params": 283571,
  "flops": 90550912.0,
  "latency_ms": 4.660494999989169,
  "rot_eq_err": 0.7896149605512619,
  "composite": 0.8347453069450945,
  "composite_fingerprint": "d65565e9c7b12d14cbce30a801ecc6753aea3eb148074256bfcc051fa61d0893",
  "epochs_to_target": -1,
  "train_seconds": 742.6297495000035,
  "train_top1": 0.8626802884615384,
  "generalization_gap": 0.021880288461538444
}