{
  "tag": "sg_only_phi_budget",
  "dataset": "cifar100",
  "seed": 0,
  "epochs": 30,
  "top1": 0.5805,
  "top5": 0.8537,
  "params": 289420,
  "flops": 90556672.0,
  "latency_ms": 3.299918999982765,
  "rot_eq_err": 0.4111139054099719,
  "composite": 0.5814984090512173,
  "composite_fingerprint": "d65565e9c7b12d14cbce30a801ecc6753aea3eb148074256bfcc051fa61d0893",
  "epochs_to_target": -1,
  "train_seconds": 929.4393885999998,
  "train_top1": 0.6550280448717949,
  "generalization_gap": 0.07452804487179487
}