{
  "tag": "sg_only_phi_multiscale",
  "dataset": "cifar10",
  "seed": 0,
  "epochs": 12,
  "top1": 0.82,
  "top5": 0.9898,
  "params": 194612,
  "flops": 30318208.0,
  "latency_ms": 6.437582999999449,
  "rot_eq_err": 0.9378497923413912,
  "composite": 0.8151053771341897,
  "composite_fingerprint": "d65565e9c7b12d14cbce30a801ecc6753aea3eb148074256bfcc051fa61d0893",
  "epochs_to_target": -1,
  "train_seconds": 486.8563945000001,
  "train_top1": 0.8286858974358975,
  "generalization_gap": 0.008685897435897538
}