{
  "tag": "pair_gm_pdw__hc_lr3em3_wd5em4_bs128_optAdamW_seed2",
  "dataset": "cifar100",
  "seed": 2,
  "epochs": 30,
  "top1": 0.6109,
  "top5": 0.868,
  "params": 267658,
  "flops": 80816212.0,
  "latency_ms": 3.5550120001425967,
  "rot_eq_err": 0.3940274765094121,
  "composite": 0.611978935022687,
  "composite_fingerprint": "d65565e9c7b12d14cbce30a801ecc6753aea3eb148074256bfcc051fa61d0893",
  "epochs_to_target": 23,
  "train_seconds": 1001.5033440999978,
  "train_top1": 0.7002003205128206,
  "generalization_gap": 0.08930032051282055,
  "config_id": "lr3em3_wd5em4_bs128_optAdamW",
  "hc_cell": {
    "lr": 0.003,
    "weight_decay": 0.0005,
    "batch_size": 128,
    "optimizer": "AdamW"
  },
  "hc_seed": 2
}