{
  "tag": "slot_act_sine__hc_lr3em3_wd2em3_bs128_optAdamW_seed0",
  "dataset": "cifar100",
  "seed": 0,
  "epochs": 30,
  "top1": 0.6137,
  "top5": 0.8741,
  "params": 267659,
  "flops": 80816212.0,
  "latency_ms": 4.600780999753624,
  "rot_eq_err": 0.40489033857981366,
  "composite": 0.6091793293944225,
  "composite_fingerprint": "d65565e9c7b12d14cbce30a801ecc6753aea3eb148074256bfcc051fa61d0893",
  "epochs_to_target": 22,
  "train_seconds": 1800.9249471999938,
  "train_top1": 0.7099759615384615,
  "generalization_gap": 0.09627596153846152,
  "config_id": "lr3em3_wd2em3_bs128_optAdamW",
  "hc_cell": {
    "lr": 0.003,
    "weight_decay": 0.002,
    "batch_size": 128,
    "optimizer": "AdamW"
  },
  "hc_seed": 0
}