{
  "tag": "pair_gm_pdw__hc_lr3em3_wd5em4_bs128_optAdamW_seed4",
  "dataset": "cifar100",
  "seed": 4,
  "epochs": 30,
  "top1": 0.6078,
  "top5": 0.8676,
  "params": 267658,
  "flops": 80816212.0,
  "latency_ms": 2.9446780000580475,
  "rot_eq_err": 0.39837341631452244,
  "composite": 0.6129690979900728,
  "composite_fingerprint": "d65565e9c7b12d14cbce30a801ecc6753aea3eb148074256bfcc051fa61d0893",
  "epochs_to_target": 25,
  "train_seconds": 929.5123551000142,
  "train_top1": 0.7033453525641026,
  "generalization_gap": 0.09554535256410257,
  "config_id": "lr3em3_wd5em4_bs128_optAdamW",
  "hc_cell": {
    "lr": 0.003,
    "weight_decay": 0.0005,
    "batch_size": 128,
    "optimizer": "AdamW"
  },
  "hc_seed": 4
}