{
  "tag": "sg_only_hex",
  "dataset": "cifar10",
  "seed": 2,
  "epochs": 12,
  "top1": 0.7929,
  "top5": 0.987,
  "params": 127146,
  "flops": 27793296.0,
  "latency_ms": 21.09210399998119,
  "rot_eq_err": 0.8455614248911539,
  "composite": 0.7714788697034375,
  "composite_fingerprint": "d65565e9c7b12d14cbce30a801ecc6753aea3eb148074256bfcc051fa61d0893",
  "epochs_to_target": -1,
  "train_seconds": 868.2052711999859,
  "train_top1": 0.8038461538461539,
  "generalization_gap": 0.010946153846153828
}