{
  "tag": "sg_only_phi_budget",
  "dataset": "cifar10",
  "seed": 0,
  "epochs": 12,
  "top1": 0.8554,
  "top5": 0.9939,
  "params": 283570,
  "flops": 90550912.0,
  "latency_ms": 6.266307999999299,
  "rot_eq_err": 0.861528384188811,
  "composite": 0.8429163989699194,
  "composite_fingerprint": "d65565e9c7b12d14cbce30a801ecc6753aea3eb148074256bfcc051fa61d0893",
  "epochs_to_target": 12,
  "train_seconds": 570.051993,
  "train_top1": 0.8840945512820513,
  "generalization_gap": 0.02869455128205123
}