{
  "tag": "sg_only_phi_budget",
  "dataset": "cifar10",
  "seed": 0,
  "epochs": 12,
  "top1": 0.8556,
  "top5": 0.9933,
  "params": 262078,
  "flops": 80810722.0,
  "latency_ms": 10.402522000003955,
  "rot_eq_err": 0.8343394075830778,
  "composite": 0.8338215395601073,
  "composite_fingerprint": "d65565e9c7b12d14cbce30a801ecc6753aea3eb148074256bfcc051fa61d0893",
  "epochs_to_target": 11,
  "train_seconds": 689.4313849000027,
  "train_top1": 0.8817908653846154,
  "generalization_gap": 0.026190865384615347
}