{
  "tag": "baseline_resnet20__hc_lr3em3_wd5em4_bs128_optAdamW_seed6",
  "dataset": "cifar100",
  "seed": 6,
  "epochs": 30,
  "top1": 0.6057,
  "top5": 0.8655,
  "params": 278324,
  "flops": 41224448.0,
  "latency_ms": 4.1388990002451465,
  "rot_eq_err": 0.4525776381293933,
  "composite": 0.6026282257009032,
  "composite_fingerprint": "d65565e9c7b12d14cbce30a801ecc6753aea3eb148074256bfcc051fa61d0893",
  "epochs_to_target": 26,
  "train_seconds": 1389.9916175000253,
  "train_top1": 0.6971955128205128,
  "generalization_gap": 0.09149551282051283,
  "config_id": "lr3em3_wd5em4_bs128_optAdamW",
  "hc_cell": {
    "lr": 0.003,
    "weight_decay": 0.0005,
    "batch_size": 128,
    "optimizer": "AdamW"
  },
  "hc_seed": 6
}