{
  "tag": "sg_only_golden_momentum",
  "dataset": "cifar100",
  "seed": 2,
  "epochs": 30,
  "top1": 0.5643,
  "top5": 0.8477,
  "params": 278324,
  "flops": 41224448.0,
  "latency_ms": 4.890484000025026,
  "rot_eq_err": 0.4450148306787014,
  "composite": 0.557604875013275,
  "composite_fingerprint": "d65565e9c7b12d14cbce30a801ecc6753aea3eb148074256bfcc051fa61d0893",
  "epochs_to_target": -1,
  "train_seconds": 942.7952326999985,
  "train_top1": 0.6339342948717949,
  "generalization_gap": 0.06963429487179484
}