{
  "tag": "sg_only_fib_prune",
  "dataset": "cifar10",
  "seed": 0,
  "epochs": 12,
  "top1": 0.8115,
  "top5": 0.9894,
  "params": 272474,
  "flops": 41218688.0,
  "latency_ms": 6.106534999998985,
  "rot_eq_err": 0.8886150866746902,
  "composite": 0.8004440041003462,
  "composite_fingerprint": "d65565e9c7b12d14cbce30a801ecc6753aea3eb148074256bfcc051fa61d0893",
  "epochs_to_target": -1,
  "train_seconds": 382.14564489999975,
  "train_top1": 0.8317107371794872,
  "generalization_gap": 0.02021073717948718
}