{
  "tag": "baseline_resnet20__hc_lr3em3_wd5em4_bs128_optAdamW_seed0",
  "dataset": "cifar100",
  "seed": 0,
  "epochs": 30,
  "top1": 0.583,
  "top5": 0.8541,
  "params": 278324,
  "flops": 41224448.0,
  "latency_ms": 3.7629819998983294,
  "rot_eq_err": 0.426242229839166,
  "composite": 0.5819958600878574,
  "composite_fingerprint": "d65565e9c7b12d14cbce30a801ecc6753aea3eb148074256bfcc051fa61d0893",
  "epochs_to_target": -1,
  "train_seconds": 946.5714999999909,
  "train_top1": 0.6723157051282052,
  "generalization_gap": 0.08931570512820519,
  "config_id": "lr3em3_wd5em4_bs128_optAdamW",
  "hc_cell": {
    "lr": 0.003,
    "weight_decay": 0.0005,
    "batch_size": 128,
    "optimizer": "AdamW"
  },
  "hc_seed": 0
}