{
  "tag": "baseline_resnet20__hc_lr3em3_wd1em4_bs256_optAdamW_seed0",
  "dataset": "cifar100",
  "seed": 0,
  "epochs": 30,
  "top1": 0.5883,
  "top5": 0.8573,
  "params": 278324,
  "flops": 41224448.0,
  "latency_ms": 3.448058999783825,
  "rot_eq_err": 0.4546970874071121,
  "composite": 0.5891937327106765,
  "composite_fingerprint": "d65565e9c7b12d14cbce30a801ecc6753aea3eb148074256bfcc051fa61d0893",
  "epochs_to_target": -1,
  "train_seconds": 817.9416893000016,
  "train_top1": 0.6740384615384616,
  "generalization_gap": 0.08573846153846154,
  "config_id": "lr3em3_wd1em4_bs256_optAdamW",
  "hc_cell": {
    "lr": 0.003,
    "weight_decay": 0.0001,
    "batch_size": 256,
    "optimizer": "AdamW"
  },
  "hc_seed": 0
}