{
  "tag": "sg_only_phi_budget",
  "dataset": "cifar100",
  "seed": 4,
  "epochs": 30,
  "top1": 0.5745,
  "top5": 0.8535,
  "params": 267658,
  "flops": 80816212.0,
  "latency_ms": 3.5120080001070164,
  "rot_eq_err": 0.40776751562952995,
  "composite": 0.5758432137489976,
  "composite_fingerprint": "d65565e9c7b12d14cbce30a801ecc6753aea3eb148074256bfcc051fa61d0893",
  "epochs_to_target": -1,
  "train_seconds": 908.8207562000025,
  "train_top1": 0.6513421474358975,
  "generalization_gap": 0.07684214743589746
}