{
  "tag": "pair_gm_pdw__hc_lr3em3_wd5em4_bs256_optSGD_seed0",
  "dataset": "cifar100",
  "seed": 0,
  "epochs": 30,
  "top1": 0.6043,
  "top5": 0.8702,
  "params": 267658,
  "flops": 80816212.0,
  "latency_ms": 3.415806000120938,
  "rot_eq_err": 0.421840305129687,
  "composite": 0.606246328722026,
  "composite_fingerprint": "d65565e9c7b12d14cbce30a801ecc6753aea3eb148074256bfcc051fa61d0893",
  "epochs_to_target": 27,
  "train_seconds": 866.4007529999944,
  "train_top1": 0.6986578525641025,
  "generalization_gap": 0.09435785256410256,
  "config_id": "lr3em3_wd5em4_bs256_optSGD",
  "hc_cell": {
    "lr": 0.003,
    "weight_decay": 0.0005,
    "batch_size": 256,
    "optimizer": "SGD"
  },
  "hc_seed": 0
}