{
  "tag": "pair_gm_pdw",
  "dataset": "cifar100",
  "seed": 5,
  "epochs": 30,
  "top1": 0.5787,
  "top5": 0.857,
  "params": 267658,
  "flops": 80816212.0,
  "latency_ms": 5.434560000139754,
  "rot_eq_err": 0.4033575567106406,
  "composite": 0.5705627691786037,
  "composite_fingerprint": "d65565e9c7b12d14cbce30a801ecc6753aea3eb148074256bfcc051fa61d0893",
  "epochs_to_target": -1,
  "train_seconds": 1013.4827260999882,
  "train_top1": 0.6574118589743589,
  "generalization_gap": 0.07871185897435895
}