{
  "tag": "sg_only_phi_init",
  "dataset": "cifar10",
  "seed": 0,
  "epochs": 12,
  "top1": 0.7656,
  "top5": 0.9854,
  "params": 127146,
  "flops": 27793296.0,
  "latency_ms": 4.73920100000214,
  "rot_eq_err": 0.867423452436924,
  "composite": 0.7765996084826368,
  "composite_fingerprint": "d65565e9c7b12d14cbce30a801ecc6753aea3eb148074256bfcc051fa61d0893",
  "epochs_to_target": -1,
  "train_seconds": 374.9710511000003,
  "train_top1": 0.7739583333333333,
  "generalization_gap": 0.008358333333333356
}