{
  "tag": "slot_act_sine__hc_lr3em3_wd2em3_bs128_optAdamW_seed1",
  "dataset": "cifar100",
  "seed": 1,
  "epochs": 30,
  "top1": 0.6139,
  "top5": 0.8705,
  "params": 267659,
  "flops": 80816212.0,
  "latency_ms": 4.622351000143681,
  "rot_eq_err": 0.402954804400603,
  "composite": 0.6092777614105426,
  "composite_fingerprint": "d65565e9c7b12d14cbce30a801ecc6753aea3eb148074256bfcc051fa61d0893",
  "epochs_to_target": 24,
  "train_seconds": 1357.4210232000041,
  "train_top1": 0.6989383012820513,
  "generalization_gap": 0.08503830128205125,
  "config_id": "lr3em3_wd2em3_bs128_optAdamW",
  "hc_cell": {
    "lr": 0.003,
    "weight_decay": 0.002,
    "batch_size": 128,
    "optimizer": "AdamW"
  },
  "hc_seed": 1
}