{
  "tag": "sg_only_phi_budget__hc_lr3em3_wd5em4_bs256_optAdamW_seed0",
  "dataset": "cifar100",
  "seed": 0,
  "epochs": 30,
  "top1": 0.6034,
  "top5": 0.8693,
  "params": 267658,
  "flops": 80816212.0,
  "latency_ms": 3.2244069999433123,
  "rot_eq_err": 0.4186624214053154,
  "composite": 0.6065984958102586,
  "composite_fingerprint": "d65565e9c7b12d14cbce30a801ecc6753aea3eb148074256bfcc051fa61d0893",
  "epochs_to_target": 26,
  "train_seconds": 854.7027709000104,
  "train_top1": 0.6923076923076923,
  "generalization_gap": 0.08890769230769224,
  "config_id": "lr3em3_wd5em4_bs256_optAdamW",
  "hc_cell": {
    "lr": 0.003,
    "weight_decay": 0.0005,
    "batch_size": 256,
    "optimizer": "AdamW"
  },
  "hc_seed": 0
}