{
  "tag": "slot_act_phi",
  "dataset": "cifar10",
  "seed": 0,
  "epochs": 12,
  "top1": 0.8537,
  "top5": 0.993,
  "params": 262078,
  "flops": 80810722.0,
  "latency_ms": 12.59875199997623,
  "rot_eq_err": 0.8393074969450632,
  "composite": 0.8277620953496753,
  "composite_fingerprint": "d65565e9c7b12d14cbce30a801ecc6753aea3eb148074256bfcc051fa61d0893",
  "epochs_to_target": 11,
  "train_seconds": 997.5366439999998,
  "train_top1": 0.8805889423076924,
  "generalization_gap": 0.026888942307692343
}