{
  "tag": "sg_only_phi_budget__hc_lr3em3_wd5em4_bs128_optAdamW_seed0",
  "dataset": "cifar100",
  "seed": 0,
  "epochs": 30,
  "top1": 0.6049,
  "top5": 0.8729,
  "params": 267658,
  "flops": 80816212.0,
  "latency_ms": 3.29823399981251,
  "rot_eq_err": 0.40122158949573833,
  "composite": 0.6076069153607295,
  "composite_fingerprint": "d65565e9c7b12d14cbce30a801ecc6753aea3eb148074256bfcc051fa61d0893",
  "epochs_to_target": 26,
  "train_seconds": 985.772262500017,
  "train_top1": 0.6953926282051283,
  "generalization_gap": 0.09049262820512827,
  "config_id": "lr3em3_wd5em4_bs128_optAdamW",
  "hc_cell": {
    "lr": 0.003,
    "weight_decay": 0.0005,
    "batch_size": 128,
    "optimizer": "AdamW"
  },
  "hc_seed": 0
}