{
  "tag": "combo3_pb_gm_pd",
  "dataset": "cifar10",
  "seed": 0,
  "epochs": 12,
  "top1": 0.8642,
  "top5": 0.9934,
  "params": 283570,
  "flops": 90550912.0,
  "latency_ms": 11.789646999968681,
  "rot_eq_err": 0.8511137540141741,
  "composite": 0.8379919457476128,
  "composite_fingerprint": "d65565e9c7b12d14cbce30a801ecc6753aea3eb148074256bfcc051fa61d0893",
  "epochs_to_target": 11,
  "train_seconds": 573.323061199997,
  "train_top1": 0.8768229166666667,
  "generalization_gap": 0.012622916666666706
}