{
  "tag": "baseline_resnet20",
  "dataset": "cifar100",
  "seed": 4,
  "epochs": 30,
  "top1": 0.5535,
  "top5": 0.8353,
  "params": 278324,
  "flops": 41224448.0,
  "latency_ms": 4.184880999964662,
  "rot_eq_err": 0.46575064212083817,
  "composite": 0.550188311480638,
  "composite_fingerprint": "d65565e9c7b12d14cbce30a801ecc6753aea3eb148074256bfcc051fa61d0893",
  "epochs_to_target": -1,
  "train_seconds": 1215.9790686999913,
  "train_top1": 0.6189302884615384,
  "generalization_gap": 0.06543028846153842
}