{
  "tag": "sg_only_cymatic_init",
  "dataset": "cifar10",
  "seed": 1,
  "epochs": 12,
  "top1": 0.758,
  "top5": 0.9846,
  "params": 127146,
  "flops": 27793296.0,
  "latency_ms": 4.757726999814622,
  "rot_eq_err": 0.8410295049349467,
  "composite": 0.7689148889849619,
  "composite_fingerprint": "d65565e9c7b12d14cbce30a801ecc6753aea3eb148074256bfcc051fa61d0893",
  "epochs_to_target": -1,
  "train_seconds": 355.6233824999945,
  "train_top1": 0.7676282051282052,
  "generalization_gap": 0.00962820512820517
}