{
  "tag": "loo_no_pdw",
  "dataset": "cifar10",
  "seed": 0,
  "epochs": 12,
  "top1": 0.8497,
  "top5": 0.9937,
  "params": 262079,
  "flops": 80810722.0,
  "latency_ms": 4.614367000031052,
  "rot_eq_err": 0.7935534045100212,
  "composite": 0.8455727822101188,
  "composite_fingerprint": "d65565e9c7b12d14cbce30a801ecc6753aea3eb148074256bfcc051fa61d0893",
  "epochs_to_target": -1,
  "train_seconds": 382.09187609999935,
  "train_top1": 0.8657652243589744,
  "generalization_gap": 0.016065224358974395
}