{
  "tag": "sg_only_phi_budget__hc_lr3em3_wd5em4_bs128_optAdamW_seed3",
  "dataset": "cifar100",
  "seed": 3,
  "epochs": 2,
  "top1": 0.2148,
  "top5": 0.5059,
  "params": 267658,
  "flops": 80816212.0,
  "latency_ms": 3.350444999814499,
  "rot_eq_err": 0.3955795479317506,
  "composite": 0.21716586392309453,
  "composite_fingerprint": "d65565e9c7b12d14cbce30a801ecc6753aea3eb148074256bfcc051fa61d0893",
  "epochs_to_target": -1,
  "train_seconds": 143.25178670001333,
  "train_top1": 0.18165064102564102,
  "generalization_gap": 0.0,
  "config_id": "lr3em3_wd5em4_bs128_optAdamW",
  "hc_cell": {
    "lr": 0.003,
    "weight_decay": 0.0005,
    "batch_size": 128,
    "optimizer": "AdamW"
  },
  "hc_seed": 3
}