{
  "tag": "baseline_resnet20__hc_lr1em3_wd5em4_bs128_optAdamW_seed0",
  "dataset": "cifar100",
  "seed": 0,
  "epochs": 30,
  "top1": 0.5841,
  "top5": 0.8587,
  "params": 278324,
  "flops": 41224448.0,
  "latency_ms": 9.343389999994542,
  "rot_eq_err": 0.3987572342157364,
  "composite": 0.5633472432825146,
  "composite_fingerprint": "d65565e9c7b12d14cbce30a801ecc6753aea3eb148074256bfcc051fa61d0893",
  "epochs_to_target": -1,
  "train_seconds": 2866.061288500001,
  "train_top1": 0.6553485576923077,
  "generalization_gap": 0.07124855769230776,
  "config_id": "lr1em3_wd5em4_bs128_optAdamW",
  "hc_cell": {
    "lr": 0.001,
    "weight_decay": 0.0005,
    "batch_size": 128,
    "optimizer": "AdamW"
  },
  "hc_seed": 0
}