{
  "tag": "sg_only_phi_decay",
  "dataset": "cifar10",
  "seed": 0,
  "epochs": 12,
  "top1": 0.7981,
  "top5": 0.9881,
  "params": 127146,
  "flops": 27793296.0,
  "latency_ms": 4.174344000002748,
  "rot_eq_err": 0.8800353904565176,
  "composite": 0.8118554531260024,
  "composite_fingerprint": "d65565e9c7b12d14cbce30a801ecc6753aea3eb148074256bfcc051fa61d0893",
  "epochs_to_target": -1,
  "train_seconds": 368.55770540000003,
  "train_top1": 0.813681891025641,
  "generalization_gap": 0.015581891025641004
}