{
  "tag": "sg_only_phi_dropout",
  "dataset": "cifar10",
  "seed": 0,
  "epochs": 12,
  "top1": 0.828,
  "top5": 0.9917,
  "params": 272474,
  "flops": 41218688.0,
  "latency_ms": 4.747944000000643,
  "rot_eq_err": 0.8726996953288714,
  "composite": 0.8224084672321829,
  "composite_fingerprint": "d65565e9c7b12d14cbce30a801ecc6753aea3eb148074256bfcc051fa61d0893",
  "epochs_to_target": -1,
  "train_seconds": 390.4186864000003,
  "train_top1": 0.8391626602564103,
  "generalization_gap": 0.011162660256410328
}