{
  "tag": "combo_domain_icosa_rotation",
  "dataset": "rotated_cifar100",
  "seed": 1,
  "epochs": 30,
  "top1": 0.4025,
  "top5": 0.66955,
  "params": 5719330,
  "flops": 389263446.0,
  "latency_ms": 25.08458599972073,
  "rot_eq_err": 0.34045249223709106,
  "composite": 0.2946623953295755,
  "composite_fingerprint": "d65565e9c7b12d14cbce30a801ecc6753aea3eb148074256bfcc051fa61d0893",
  "epochs_to_target": -1,
  "train_seconds": 1993.7857325000223,
  "train_top1": 0.9148838141025641,
  "generalization_gap": 0.5123838141025641
}