{
  "tag": "combo2_pb_gm",
  "dataset": "cifar10",
  "seed": 0,
  "epochs": 12,
  "top1": 0.8614,
  "top5": 0.9936,
  "params": 283570,
  "flops": 90550912.0,
  "latency_ms": 3.3753940000315197,
  "rot_eq_err": 0.8603165100018183,
  "composite": 0.8623507621365339,
  "composite_fingerprint": "d65565e9c7b12d14cbce30a801ecc6753aea3eb148074256bfcc051fa61d0893",
  "epochs_to_target": 11,
  "train_seconds": 530.8687235999969,
  "train_top1": 0.8897035256410256,
  "generalization_gap": 0.028303525641025562
}