{
  "tag": "slot_act_sine__hc_lr3em4_wd5em4_bs256_optAdamW_seed0",
  "dataset": "cifar100",
  "seed": 0,
  "epochs": 30,
  "top1": 0.4951,
  "top5": 0.798,
  "params": 267659,
  "flops": 80816212.0,
  "latency_ms": 3.993146999855526,
  "rot_eq_err": 0.42188143730163574,
  "composite": 0.49365514253759857,
  "composite_fingerprint": "d65565e9c7b12d14cbce30a801ecc6753aea3eb148074256bfcc051fa61d0893",
  "epochs_to_target": -1,
  "train_seconds": 857.0992505000031,
  "train_top1": 0.536738782051282,
  "generalization_gap": 0.04163878205128202,
  "config_id": "lr3em4_wd5em4_bs256_optAdamW",
  "hc_cell": {
    "lr": 0.0003,
    "weight_decay": 0.0005,
    "batch_size": 256,
    "optimizer": "AdamW"
  },
  "hc_seed": 0
}