{
  "tag": "baseline_resnet20__hc_lr1em3_wd5em4_bs128_optAdamW_seed5",
  "dataset": "cifar100",
  "seed": 5,
  "epochs": 30,
  "top1": 0.5809,
  "top5": 0.8541,
  "params": 278324,
  "flops": 41224448.0,
  "latency_ms": 4.499985000002198,
  "rot_eq_err": 0.4238748935361703,
  "composite": 0.5760119138261811,
  "composite_fingerprint": "d65565e9c7b12d14cbce30a801ecc6753aea3eb148074256bfcc051fa61d0893",
  "epochs_to_target": -1,
  "train_seconds": 1136.0493410000054,
  "train_top1": 0.6488782051282052,
  "generalization_gap": 0.06797820512820518,
  "config_id": "lr1em3_wd5em4_bs128_optAdamW",
  "hc_cell": {
    "lr": 0.001,
    "weight_decay": 0.0005,
    "batch_size": 128,
    "optimizer": "AdamW"
  },
  "hc_seed": 5
}