{
  "tag": "baseline_resnet20",
  "dataset": "cifar100",
  "seed": 1,
  "epochs": 30,
  "top1": 0.5652,
  "top5": 0.8445,
  "params": 278324,
  "flops": 41224448.0,
  "latency_ms": 3.972202000004472,
  "rot_eq_err": 0.4437915123999119,
  "composite": 0.5630209008454793,
  "composite_fingerprint": "d65565e9c7b12d14cbce30a801ecc6753aea3eb148074256bfcc051fa61d0893",
  "epochs_to_target": -1,
  "train_seconds": 936.3008306999982,
  "train_top1": 0.6291466346153847,
  "generalization_gap": 0.06394663461538463
}