{
  "tag": "combo6_pb_gm_pd_pdw_plr_fe",
  "dataset": "cifar10",
  "seed": 0,
  "epochs": 12,
  "top1": 0.8523,
  "top5": 0.994,
  "params": 283570,
  "flops": 90550912.0,
  "latency_ms": 9.671866999997292,
  "rot_eq_err": 0.8021725838383039,
  "composite": 0.8303914700494385,
  "composite_fingerprint": "d65565e9c7b12d14cbce30a801ecc6753aea3eb148074256bfcc051fa61d0893",
  "epochs_to_target": -1,
  "train_seconds": 934.0900105999972,
  "train_top1": 0.8600961538461539,
  "generalization_gap": 0.007796153846153953
}