{
  "tag": "combo6_pb_gm_pd_pdw_plr_fe",
  "dataset": "cifar10",
  "seed": 0,
  "epochs": 12,
  "top1": 0.849,
  "top5": 0.9929,
  "params": 262078,
  "flops": 80810722.0,
  "latency_ms": 3.1382440000015777,
  "rot_eq_err": 0.8068257371584574,
  "composite": 0.8532441363486974,
  "composite_fingerprint": "d65565e9c7b12d14cbce30a801ecc6753aea3eb148074256bfcc051fa61d0893",
  "epochs_to_target": -1,
  "train_seconds": 373.17144310000003,
  "train_top1": 0.8595953525641026,
  "generalization_gap": 0.0105953525641026
}