{
  "tag": "loo_no_plr",
  "dataset": "cifar10",
  "seed": 0,
  "epochs": 12,
  "top1": 0.8383,
  "top5": 0.9924,
  "params": 262079,
  "flops": 80810722.0,
  "latency_ms": 4.622378999993089,
  "rot_eq_err": 0.8144476364056269,
  "composite": 0.8341351112787629,
  "composite_fingerprint": "d65565e9c7b12d14cbce30a801ecc6753aea3eb148074256bfcc051fa61d0893",
  "epochs_to_target": -1,
  "train_seconds": 382.36941490000027,
  "train_top1": 0.8646634615384615,
  "generalization_gap": 0.026363461538461475
}