{
  "tag": "slot_act_sine__hc_lr3em3_wd1em4_bs256_optAdamW_seed0",
  "dataset": "cifar100",
  "seed": 0,
  "epochs": 30,
  "top1": 0.6018,
  "top5": 0.8615,
  "params": 267659,
  "flops": 80816212.0,
  "latency_ms": 3.115405000280589,
  "rot_eq_err": 0.4238451160490513,
  "composite": 0.6057451818160224,
  "composite_fingerprint": "d65565e9c7b12d14cbce30a801ecc6753aea3eb148074256bfcc051fa61d0893",
  "epochs_to_target": 27,
  "train_seconds": 864.5858973999857,
  "train_top1": 0.6904046474358975,
  "generalization_gap": 0.08860464743589747,
  "config_id": "lr3em3_wd1em4_bs256_optAdamW",
  "hc_cell": {
    "lr": 0.003,
    "weight_decay": 0.0001,
    "batch_size": 256,
    "optimizer": "AdamW"
  },
  "hc_seed": 0
}