{
  "tag": "combo5_pb_gm_pd_pdw_plr",
  "dataset": "cifar10",
  "seed": 0,
  "epochs": 12,
  "top1": 0.7978,
  "top5": 0.9866,
  "params": 262078,
  "flops": 80810722.0,
  "latency_ms": 3.4446789999492466,
  "rot_eq_err": 0.813578133781751,
  "composite": 0.8000210338355244,
  "composite_fingerprint": "d65565e9c7b12d14cbce30a801ecc6753aea3eb148074256bfcc051fa61d0893",
  "epochs_to_target": -1,
  "train_seconds": 375.6596987000012,
  "train_top1": 0.8595953525641026,
  "generalization_gap": 0.061795352564102624
}