{
  "tag": "sg_chan_fib",
  "dataset": "cifar10",
  "seed": 0,
  "epochs": 12,
  "top1": 0.8011,
  "top5": 0.9888,
  "params": 127146,
  "flops": 27793296.0,
  "latency_ms": 4.4348979998903815,
  "rot_eq_err": 0.8802265251676241,
  "composite": 0.8135406831187062,
  "composite_fingerprint": "d65565e9c7b12d14cbce30a801ecc6753aea3eb148074256bfcc051fa61d0893",
  "epochs_to_target": -1,
  "train_seconds": 358.18334499999764,
  "train_top1": 0.817988782051282,
  "generalization_gap": 0.01688878205128197
}