{
  "tag": "sg_only_golden_adam",
  "dataset": "cifar10",
  "seed": 0,
  "epochs": 12,
  "top1": 0.5196,
  "top5": 0.9449,
  "params": 272474,
  "flops": 41218688.0,
  "latency_ms": 4.7063319999961095,
  "rot_eq_err": 0.8711273297667503,
  "composite": 0.5141996186083642,
  "composite_fingerprint": "d65565e9c7b12d14cbce30a801ecc6753aea3eb148074256bfcc051fa61d0893",
  "epochs_to_target": -1,
  "train_seconds": 375.9741912999998,
  "train_top1": 0.5216145833333333,
  "generalization_gap": 0.002014583333333375
}