{
  "tag": "baseline_resnet20__hc_lr3em3_wd5em4_bs128_optAdamW_seed5",
  "dataset": "cifar100",
  "seed": 5,
  "epochs": 30,
  "top1": 0.6063,
  "top5": 0.8637,
  "params": 278324,
  "flops": 41224448.0,
  "latency_ms": 4.764144999790005,
  "rot_eq_err": 0.44244957466920215,
  "composite": 0.60017321858036,
  "composite_fingerprint": "d65565e9c7b12d14cbce30a801ecc6753aea3eb148074256bfcc051fa61d0893",
  "epochs_to_target": 25,
  "train_seconds": 1335.7890546999988,
  "train_top1": 0.6981971153846154,
  "generalization_gap": 0.09189711538461542,
  "config_id": "lr3em3_wd5em4_bs128_optAdamW",
  "hc_cell": {
    "lr": 0.003,
    "weight_decay": 0.0005,
    "batch_size": 128,
    "optimizer": "AdamW"
  },
  "hc_seed": 5
}