{
  "tag": "baseline_resnet20__hc_lr3em3_wd5em4_bs256_optAdamW_seed1",
  "dataset": "cifar100",
  "seed": 1,
  "epochs": 30,
  "top1": 0.5908,
  "top5": 0.8588,
  "params": 278324,
  "flops": 41224448.0,
  "latency_ms": 3.574103999999352,
  "rot_eq_err": 0.47039956972002983,
  "composite": 0.590914107855327,
  "composite_fingerprint": "d65565e9c7b12d14cbce30a801ecc6753aea3eb148074256bfcc051fa61d0893",
  "epochs_to_target": -1,
  "train_seconds": 816.0689395999943,
  "train_top1": 0.6782051282051282,
  "generalization_gap": 0.08740512820512825,
  "config_id": "lr3em3_wd5em4_bs256_optAdamW",
  "hc_cell": {
    "lr": 0.003,
    "weight_decay": 0.0005,
    "batch_size": 256,
    "optimizer": "AdamW"
  },
  "hc_seed": 1
}