{
  "tag": "baseline_resnet20__hc_lr1em3_wd5em4_bs128_optAdamW_seed2",
  "dataset": "cifar100",
  "seed": 2,
  "epochs": 30,
  "top1": 0.5895,
  "top5": 0.8572,
  "params": 278324,
  "flops": 41224448.0,
  "latency_ms": 4.458481000037864,
  "rot_eq_err": 0.4125092402100563,
  "composite": 0.5848131211213382,
  "composite_fingerprint": "d65565e9c7b12d14cbce30a801ecc6753aea3eb148074256bfcc051fa61d0893",
  "epochs_to_target": -1,
  "train_seconds": 1818.0383900000015,
  "train_top1": 0.6609775641025641,
  "generalization_gap": 0.07147756410256412,
  "config_id": "lr1em3_wd5em4_bs128_optAdamW",
  "hc_cell": {
    "lr": 0.001,
    "weight_decay": 0.0005,
    "batch_size": 128,
    "optimizer": "AdamW"
  },
  "hc_seed": 2
}