{
  "tag": "baseline_resnet20__hc_lr1em3_wd5em4_bs128_optAdamW_seed4",
  "dataset": "cifar100",
  "seed": 4,
  "epochs": 30,
  "top1": 0.5731,
  "top5": 0.8481,
  "params": 278324,
  "flops": 41224448.0,
  "latency_ms": 4.036393999995198,
  "rot_eq_err": 0.4329862433175246,
  "composite": 0.5705727895357442,
  "composite_fingerprint": "d65565e9c7b12d14cbce30a801ecc6753aea3eb148074256bfcc051fa61d0893",
  "epochs_to_target": -1,
  "train_seconds": 1061.6409888000053,
  "train_top1": 0.6406450320512821,
  "generalization_gap": 0.06754503205128204,
  "config_id": "lr1em3_wd5em4_bs128_optAdamW",
  "hc_cell": {
    "lr": 0.001,
    "weight_decay": 0.0005,
    "batch_size": 128,
    "optimizer": "AdamW"
  },
  "hc_seed": 4
}